{
  "fio version" : "fio-3.29",
  "timestamp" : 1662664244,
  "timestamp_ms" : 1662664244541,
  "time" : "Thu Sep  8 15:10:44 2022",
  "global options" : {
    "bs" : "512",
    "iodepth" : "16",
    "ioengine" : "io_uring",
    "direct" : "1",
    "runtime" : "60",
    "ramp_time" : "5",
    "thread" : "1",
    "norandommap" : "1",
    "random_generator" : "lfsr",
    "randrepeat" : "0",
    "group_reporting" : "1",
    "cpus_allowed" : "2",
    "numa_mem_policy" : "bind:0",
    "lat_percentiles" : "1",
    "slat_percentiles" : "0",
    "clat_percentiles" : "0",
    "filename" : "/dev/vdb",
    "nonvectored" : "1",
    "registerfiles" : "1"
  },
  "jobs" : [
    {
      "jobname" : "job1",
      "groupid" : 0,
      "error" : 0,
      "eta" : 0,
      "elapsed" : 66,
      "job options" : {
        "rw" : "randread"
      },
      "read" : {
        "io_bytes" : 6098153472,
        "io_kbytes" : 5955228,
        "bw_bytes" : 101634197,
        "bw" : 99252,
        "iops" : 198504.024933,
        "runtime" : 60001,
        "total_ios" : 11910440,
        "short_ios" : 0,
        "drop_ios" : 0,
        "slat_ns" : {
          "min" : 1108,
          "max" : 733736,
          "mean" : 1746.843367,
          "stddev" : 1631.442188,
          "N" : 11910441
        },
        "clat_ns" : {
          "min" : 25414,
          "max" : 805341,
          "mean" : 78317.750672,
          "stddev" : 22240.304159,
          "N" : 11910455
        },
        "lat_ns" : {
          "min" : 29527,
          "max" : 885401,
          "mean" : 80177.160820,
          "stddev" : 21880.495941,
          "N" : 11910455,
          "percentile" : {
            "1.000000" : 35072,
            "5.000000" : 43776,
            "10.000000" : 52992,
            "20.000000" : 62720,
            "30.000000" : 69120,
            "40.000000" : 74240,
            "50.000000" : 78336,
            "60.000000" : 83456,
            "70.000000" : 89600,
            "80.000000" : 98816,
            "90.000000" : 111104,
            "95.000000" : 119296,
            "99.000000" : 132096,
            "99.500000" : 136192,
            "99.900000" : 144384,
            "99.950000" : 148480,
            "99.990000" : 156672
          }
        },
        "bw_min" : 98501,
        "bw_max" : 99722,
        "bw_agg" : 100.000000,
        "bw_mean" : 99287.083333,
        "bw_dev" : 162.354141,
        "bw_samples" : 120,
        "iops_min" : 197002,
        "iops_max" : 199444,
        "iops_mean" : 198574.316667,
        "iops_stddev" : 324.732727,
        "iops_samples" : 120
      },
      "write" : {
        "io_bytes" : 0,
        "io_kbytes" : 0,
        "bw_bytes" : 0,
        "bw" : 0,
        "iops" : 0.000000,
        "runtime" : 0,
        "total_ios" : 0,
        "short_ios" : 0,
        "drop_ios" : 0,
        "slat_ns" : {
          "min" : 0,
          "max" : 0,
          "mean" : 0.000000,
          "stddev" : 0.000000,
          "N" : 0
        },
        "clat_ns" : {
          "min" : 0,
          "max" : 0,
          "mean" : 0.000000,
          "stddev" : 0.000000,
          "N" : 0
        },
        "lat_ns" : {
          "min" : 0,
          "max" : 0,
          "mean" : 0.000000,
          "stddev" : 0.000000,
          "N" : 0
        },
        "bw_min" : 0,
        "bw_max" : 0,
        "bw_agg" : 0.000000,
        "bw_mean" : 0.000000,
        "bw_dev" : 0.000000,
        "bw_samples" : 0,
        "iops_min" : 0,
        "iops_max" : 0,
        "iops_mean" : 0.000000,
        "iops_stddev" : 0.000000,
        "iops_samples" : 0
      },
      "trim" : {
        "io_bytes" : 0,
        "io_kbytes" : 0,
        "bw_bytes" : 0,
        "bw" : 0,
        "iops" : 0.000000,
        "runtime" : 0,
        "total_ios" : 0,
        "short_ios" : 0,
        "drop_ios" : 0,
        "slat_ns" : {
          "min" : 0,
          "max" : 0,
          "mean" : 0.000000,
          "stddev" : 0.000000,
          "N" : 0
        },
        "clat_ns" : {
          "min" : 0,
          "max" : 0,
          "mean" : 0.000000,
          "stddev" : 0.000000,
          "N" : 0
        },
        "lat_ns" : {
          "min" : 0,
          "max" : 0,
          "mean" : 0.000000,
          "stddev" : 0.000000,
          "N" : 0
        },
        "bw_min" : 0,
        "bw_max" : 0,
        "bw_agg" : 0.000000,
        "bw_mean" : 0.000000,
        "bw_dev" : 0.000000,
        "bw_samples" : 0,
        "iops_min" : 0,
        "iops_max" : 0,
        "iops_mean" : 0.000000,
        "iops_stddev" : 0.000000,
        "iops_samples" : 0
      },
      "sync" : {
        "total_ios" : 0,
        "lat_ns" : {
          "min" : 0,
          "max" : 0,
          "mean" : 0.000000,
          "stddev" : 0.000000,
          "N" : 0
        }
      },
      "job_runtime" : 60000,
      "usr_cpu" : 14.688333,
      "sys_cpu" : 34.151667,
      "ctx" : 1397704,
      "majf" : 0,
      "minf" : 0,
      "iodepth_level" : {
        "1" : 0.000000,
        "2" : 0.000000,
        "4" : 0.000000,
        "8" : 0.000000,
        "16" : 100.000000,
        "32" : 0.000000,
        ">=64" : 0.000000
      },
      "iodepth_submit" : {
        "0" : 0.000000,
        "4" : 100.000000,
        "8" : 0.000000,
        "16" : 0.000000,
        "32" : 0.000000,
        "64" : 0.000000,
        ">=64" : 0.000000
      },
      "iodepth_complete" : {
        "0" : 0.000000,
        "4" : 99.999992,
        "8" : 0.000000,
        "16" : 0.100000,
        "32" : 0.000000,
        "64" : 0.000000,
        ">=64" : 0.000000
      },
      "latency_ns" : {
        "2" : 0.000000,
        "4" : 0.000000,
        "10" : 0.000000,
        "20" : 0.000000,
        "50" : 0.000000,
        "100" : 0.000000,
        "250" : 0.000000,
        "500" : 0.000000,
        "750" : 0.000000,
        "1000" : 0.000000
      },
      "latency_us" : {
        "2" : 0.000000,
        "4" : 0.000000,
        "10" : 0.000000,
        "20" : 0.000000,
        "50" : 9.792904,
        "100" : 73.203005,
        "250" : 17.003175,
        "500" : 0.010000,
        "750" : 0.010000,
        "1000" : 0.010000
      },
      "latency_ms" : {
        "2" : 0.000000,
        "4" : 0.000000,
        "10" : 0.000000,
        "20" : 0.000000,
        "50" : 0.000000,
        "100" : 0.000000,
        "250" : 0.000000,
        "500" : 0.000000,
        "750" : 0.000000,
        "1000" : 0.000000,
        "2000" : 0.000000,
        ">=2000" : 0.000000
      },
      "latency_depth" : 16,
      "latency_target" : 0,
      "latency_percentile" : 100.000000,
      "latency_window" : 0
    }
  ],
  "disk_util" : [
    {
      "name" : "vdb",
      "read_ios" : 12905351,
      "write_ios" : 0,
      "read_merges" : 0,
      "write_merges" : 0,
      "read_ticks" : 797614,
      "write_ticks" : 0,
      "in_queue" : 797614,
      "util" : 99.883213
    }
  ]
}
