{
  "fio version" : "fio-3.29",
  "timestamp" : 1662664700,
  "timestamp_ms" : 1662664700891,
  "time" : "Thu Sep  8 15:18:20 2022",
  "global options" : {
    "bs" : "512",
    "iodepth" : "256",
    "ioengine" : "io_uring",
    "direct" : "1",
    "runtime" : "60",
    "ramp_time" : "5",
    "thread" : "1",
    "norandommap" : "1",
    "random_generator" : "lfsr",
    "randrepeat" : "0",
    "group_reporting" : "1",
    "cpus_allowed" : "2",
    "numa_mem_policy" : "bind:0",
    "lat_percentiles" : "1",
    "slat_percentiles" : "0",
    "clat_percentiles" : "0",
    "filename" : "/dev/vdb",
    "nonvectored" : "1",
    "registerfiles" : "1"
  },
  "jobs" : [
    {
      "jobname" : "job1",
      "groupid" : 0,
      "error" : 0,
      "eta" : 0,
      "elapsed" : 66,
      "job options" : {
        "rw" : "randread"
      },
      "read" : {
        "io_bytes" : 6791489024,
        "io_kbytes" : 6632313,
        "bw_bytes" : 113189597,
        "bw" : 110536,
        "iops" : 221069.182180,
        "runtime" : 60001,
        "total_ios" : 13264372,
        "short_ios" : 0,
        "drop_ios" : 0,
        "slat_ns" : {
          "min" : 1091,
          "max" : 962894,
          "mean" : 1742.610965,
          "stddev" : 5692.696180,
          "N" : 13264372
        },
        "clat_ns" : {
          "min" : 484104,
          "max" : 126917607,
          "mean" : 1155647.488708,
          "stddev" : 1888128.994162,
          "N" : 13264627
        },
        "lat_ns" : {
          "min" : 485476,
          "max" : 126919031,
          "mean" : 1157514.309767,
          "stddev" : 1888109.024751,
          "N" : 13264627,
          "percentile" : {
            "1.000000" : 774144,
            "5.000000" : 880640,
            "10.000000" : 913408,
            "20.000000" : 954368,
            "30.000000" : 978944,
            "40.000000" : 1011712,
            "50.000000" : 1056768,
            "60.000000" : 1105920,
            "70.000000" : 1187840,
            "80.000000" : 1253376,
            "90.000000" : 1302528,
            "95.000000" : 1335296,
            "99.000000" : 1384448,
            "99.500000" : 1449984,
            "99.900000" : 36438016,
            "99.950000" : 52690944,
            "99.990000" : 73924608
          }
        },
        "bw_min" : 110128,
        "bw_max" : 111195,
        "bw_agg" : 100.000000,
        "bw_mean" : 110591.350000,
        "bw_dev" : 307.785193,
        "bw_samples" : 120,
        "iops_min" : 220254,
        "iops_max" : 222390,
        "iops_mean" : 221182.966667,
        "iops_stddev" : 615.551183,
        "iops_samples" : 120
      },
      "write" : {
        "io_bytes" : 0,
        "io_kbytes" : 0,
        "bw_bytes" : 0,
        "bw" : 0,
        "iops" : 0.000000,
        "runtime" : 0,
        "total_ios" : 0,
        "short_ios" : 0,
        "drop_ios" : 0,
        "slat_ns" : {
          "min" : 0,
          "max" : 0,
          "mean" : 0.000000,
          "stddev" : 0.000000,
          "N" : 0
        },
        "clat_ns" : {
          "min" : 0,
          "max" : 0,
          "mean" : 0.000000,
          "stddev" : 0.000000,
          "N" : 0
        },
        "lat_ns" : {
          "min" : 0,
          "max" : 0,
          "mean" : 0.000000,
          "stddev" : 0.000000,
          "N" : 0
        },
        "bw_min" : 0,
        "bw_max" : 0,
        "bw_agg" : 0.000000,
        "bw_mean" : 0.000000,
        "bw_dev" : 0.000000,
        "bw_samples" : 0,
        "iops_min" : 0,
        "iops_max" : 0,
        "iops_mean" : 0.000000,
        "iops_stddev" : 0.000000,
        "iops_samples" : 0
      },
      "trim" : {
        "io_bytes" : 0,
        "io_kbytes" : 0,
        "bw_bytes" : 0,
        "bw" : 0,
        "iops" : 0.000000,
        "runtime" : 0,
        "total_ios" : 0,
        "short_ios" : 0,
        "drop_ios" : 0,
        "slat_ns" : {
          "min" : 0,
          "max" : 0,
          "mean" : 0.000000,
          "stddev" : 0.000000,
          "N" : 0
        },
        "clat_ns" : {
          "min" : 0,
          "max" : 0,
          "mean" : 0.000000,
          "stddev" : 0.000000,
          "N" : 0
        },
        "lat_ns" : {
          "min" : 0,
          "max" : 0,
          "mean" : 0.000000,
          "stddev" : 0.000000,
          "N" : 0
        },
        "bw_min" : 0,
        "bw_max" : 0,
        "bw_agg" : 0.000000,
        "bw_mean" : 0.000000,
        "bw_dev" : 0.000000,
        "bw_samples" : 0,
        "iops_min" : 0,
        "iops_max" : 0,
        "iops_mean" : 0.000000,
        "iops_stddev" : 0.000000,
        "iops_samples" : 0
      },
      "sync" : {
        "total_ios" : 0,
        "lat_ns" : {
          "min" : 0,
          "max" : 0,
          "mean" : 0.000000,
          "stddev" : 0.000000,
          "N" : 0
        }
      },
      "job_runtime" : 60000,
      "usr_cpu" : 13.821667,
      "sys_cpu" : 35.021667,
      "ctx" : 268213,
      "majf" : 0,
      "minf" : 0,
      "iodepth_level" : {
        "1" : 0.000000,
        "2" : 0.000000,
        "4" : 0.000000,
        "8" : 0.000000,
        "16" : 0.000000,
        "32" : 0.000000,
        ">=64" : 100.000000
      },
      "iodepth_submit" : {
        "0" : 0.000000,
        "4" : 100.000000,
        "8" : 0.000000,
        "16" : 0.000000,
        "32" : 0.000000,
        "64" : 0.000000,
        ">=64" : 0.000000
      },
      "iodepth_complete" : {
        "0" : 0.000000,
        "4" : 99.999992,
        "8" : 0.000000,
        "16" : 0.000000,
        "32" : 0.000000,
        "64" : 0.000000,
        ">=64" : 0.100000
      },
      "latency_ns" : {
        "2" : 0.000000,
        "4" : 0.000000,
        "10" : 0.000000,
        "20" : 0.000000,
        "50" : 0.000000,
        "100" : 0.000000,
        "250" : 0.000000,
        "500" : 0.000000,
        "750" : 0.000000,
        "1000" : 0.000000
      },
      "latency_us" : {
        "2" : 0.000000,
        "4" : 0.000000,
        "10" : 0.000000,
        "20" : 0.000000,
        "50" : 0.000000,
        "100" : 0.000000,
        "250" : 0.000000,
        "500" : 0.010000,
        "750" : 0.760262,
        "1000" : 36.993459
      },
      "latency_ms" : {
        "2" : 62.036092,
        "4" : 0.010000,
        "10" : 0.019134,
        "20" : 0.031234,
        "50" : 0.094094,
        "100" : 0.057884,
        "250" : 0.010000,
        "500" : 0.000000,
        "750" : 0.000000,
        "1000" : 0.000000,
        "2000" : 0.000000,
        ">=2000" : 0.000000
      },
      "latency_depth" : 256,
      "latency_target" : 0,
      "latency_percentile" : 100.000000,
      "latency_window" : 0
    }
  ],
  "disk_util" : [
    {
      "name" : "vdb",
      "read_ios" : 14373422,
      "write_ios" : 0,
      "read_merges" : 0,
      "write_merges" : 0,
      "read_ticks" : 14531004,
      "write_ticks" : 0,
      "in_queue" : 14531004,
      "util" : 99.897031
    }
  ]
}
