{
  "fio version" : "fio-3.29",
  "timestamp" : 1662664896,
  "timestamp_ms" : 1662664896468,
  "time" : "Thu Sep  8 15:21:36 2022",
  "global options" : {
    "bs" : "512",
    "iodepth" : "256",
    "ioengine" : "io_uring",
    "direct" : "1",
    "runtime" : "60",
    "ramp_time" : "5",
    "thread" : "1",
    "norandommap" : "1",
    "random_generator" : "lfsr",
    "randrepeat" : "0",
    "group_reporting" : "1",
    "cpus_allowed" : "2",
    "numa_mem_policy" : "bind:0",
    "lat_percentiles" : "1",
    "slat_percentiles" : "0",
    "clat_percentiles" : "0",
    "filename" : "/dev/vdb",
    "nonvectored" : "1",
    "registerfiles" : "1"
  },
  "jobs" : [
    {
      "jobname" : "job1",
      "groupid" : 0,
      "error" : 0,
      "eta" : 0,
      "elapsed" : 66,
      "job options" : {
        "rw" : "randread"
      },
      "read" : {
        "io_bytes" : 6786768384,
        "io_kbytes" : 6627703,
        "bw_bytes" : 113110921,
        "bw" : 110459,
        "iops" : 220915.501408,
        "runtime" : 60001,
        "total_ios" : 13255151,
        "short_ios" : 0,
        "drop_ios" : 0,
        "slat_ns" : {
          "min" : 1117,
          "max" : 970919,
          "mean" : 1779.567629,
          "stddev" : 5779.989447,
          "N" : 13255152
        },
        "clat_ns" : {
          "min" : 422291,
          "max" : 121894809,
          "mean" : 1156443.694078,
          "stddev" : 1956653.561891,
          "N" : 13255406
        },
        "lat_ns" : {
          "min" : 423657,
          "max" : 121896151,
          "mean" : 1158369.641161,
          "stddev" : 1956633.015307,
          "N" : 13255406,
          "percentile" : {
            "1.000000" : 774144,
            "5.000000" : 880640,
            "10.000000" : 913408,
            "20.000000" : 946176,
            "30.000000" : 978944,
            "40.000000" : 1003520,
            "50.000000" : 1044480,
            "60.000000" : 1105920,
            "70.000000" : 1187840,
            "80.000000" : 1253376,
            "90.000000" : 1302528,
            "95.000000" : 1318912,
            "99.000000" : 1384448,
            "99.500000" : 1433600,
            "99.900000" : 38010880,
            "99.950000" : 54788096,
            "99.990000" : 76021760
          }
        },
        "bw_min" : 109830,
        "bw_max" : 110787,
        "bw_agg" : 100.000000,
        "bw_mean" : 110515.741667,
        "bw_dev" : 124.035743,
        "bw_samples" : 120,
        "iops_min" : 219661,
        "iops_max" : 221574,
        "iops_mean" : 221031.683333,
        "iops_stddev" : 248.007251,
        "iops_samples" : 120
      },
      "write" : {
        "io_bytes" : 0,
        "io_kbytes" : 0,
        "bw_bytes" : 0,
        "bw" : 0,
        "iops" : 0.000000,
        "runtime" : 0,
        "total_ios" : 0,
        "short_ios" : 0,
        "drop_ios" : 0,
        "slat_ns" : {
          "min" : 0,
          "max" : 0,
          "mean" : 0.000000,
          "stddev" : 0.000000,
          "N" : 0
        },
        "clat_ns" : {
          "min" : 0,
          "max" : 0,
          "mean" : 0.000000,
          "stddev" : 0.000000,
          "N" : 0
        },
        "lat_ns" : {
          "min" : 0,
          "max" : 0,
          "mean" : 0.000000,
          "stddev" : 0.000000,
          "N" : 0
        },
        "bw_min" : 0,
        "bw_max" : 0,
        "bw_agg" : 0.000000,
        "bw_mean" : 0.000000,
        "bw_dev" : 0.000000,
        "bw_samples" : 0,
        "iops_min" : 0,
        "iops_max" : 0,
        "iops_mean" : 0.000000,
        "iops_stddev" : 0.000000,
        "iops_samples" : 0
      },
      "trim" : {
        "io_bytes" : 0,
        "io_kbytes" : 0,
        "bw_bytes" : 0,
        "bw" : 0,
        "iops" : 0.000000,
        "runtime" : 0,
        "total_ios" : 0,
        "short_ios" : 0,
        "drop_ios" : 0,
        "slat_ns" : {
          "min" : 0,
          "max" : 0,
          "mean" : 0.000000,
          "stddev" : 0.000000,
          "N" : 0
        },
        "clat_ns" : {
          "min" : 0,
          "max" : 0,
          "mean" : 0.000000,
          "stddev" : 0.000000,
          "N" : 0
        },
        "lat_ns" : {
          "min" : 0,
          "max" : 0,
          "mean" : 0.000000,
          "stddev" : 0.000000,
          "N" : 0
        },
        "bw_min" : 0,
        "bw_max" : 0,
        "bw_agg" : 0.000000,
        "bw_mean" : 0.000000,
        "bw_dev" : 0.000000,
        "bw_samples" : 0,
        "iops_min" : 0,
        "iops_max" : 0,
        "iops_mean" : 0.000000,
        "iops_stddev" : 0.000000,
        "iops_samples" : 0
      },
      "sync" : {
        "total_ios" : 0,
        "lat_ns" : {
          "min" : 0,
          "max" : 0,
          "mean" : 0.000000,
          "stddev" : 0.000000,
          "N" : 0
        }
      },
      "job_runtime" : 60000,
      "usr_cpu" : 13.595000,
      "sys_cpu" : 35.060000,
      "ctx" : 265459,
      "majf" : 0,
      "minf" : 0,
      "iodepth_level" : {
        "1" : 0.000000,
        "2" : 0.000000,
        "4" : 0.000000,
        "8" : 0.000000,
        "16" : 0.000000,
        "32" : 0.000000,
        ">=64" : 100.000000
      },
      "iodepth_submit" : {
        "0" : 0.000000,
        "4" : 100.000000,
        "8" : 0.000000,
        "16" : 0.000000,
        "32" : 0.000000,
        "64" : 0.000000,
        ">=64" : 0.000000
      },
      "iodepth_complete" : {
        "0" : 0.000000,
        "4" : 99.999992,
        "8" : 0.000000,
        "16" : 0.000000,
        "32" : 0.000000,
        "64" : 0.000000,
        ">=64" : 0.100000
      },
      "latency_ns" : {
        "2" : 0.000000,
        "4" : 0.000000,
        "10" : 0.000000,
        "20" : 0.000000,
        "50" : 0.000000,
        "100" : 0.000000,
        "250" : 0.000000,
        "500" : 0.000000,
        "750" : 0.000000,
        "1000" : 0.000000
      },
      "latency_us" : {
        "2" : 0.000000,
        "4" : 0.000000,
        "10" : 0.000000,
        "20" : 0.000000,
        "50" : 0.000000,
        "100" : 0.000000,
        "250" : 0.000000,
        "500" : 0.010000,
        "750" : 0.817162,
        "1000" : 37.759751
      },
      "latency_ms" : {
        "2" : 61.213825,
        "4" : 0.010000,
        "10" : 0.018144,
        "20" : 0.030509,
        "50" : 0.090795,
        "100" : 0.063100,
        "250" : 0.010000,
        "500" : 0.000000,
        "750" : 0.000000,
        "1000" : 0.000000,
        "2000" : 0.000000,
        ">=2000" : 0.000000
      },
      "latency_depth" : 256,
      "latency_target" : 0,
      "latency_percentile" : 100.000000,
      "latency_window" : 0
    }
  ],
  "disk_util" : [
    {
      "name" : "vdb",
      "read_ios" : 14361076,
      "write_ios" : 0,
      "read_merges" : 0,
      "write_merges" : 0,
      "read_ticks" : 14541590,
      "write_ticks" : 0,
      "in_queue" : 14541590,
      "util" : 99.897029
    }
  ]
}
