{
  "fio version" : "fio-3.29",
  "timestamp" : 1662664766,
  "timestamp_ms" : 1662664766080,
  "time" : "Thu Sep  8 15:19:26 2022",
  "global options" : {
    "bs" : "512",
    "iodepth" : "256",
    "ioengine" : "io_uring",
    "direct" : "1",
    "runtime" : "60",
    "ramp_time" : "5",
    "thread" : "1",
    "norandommap" : "1",
    "random_generator" : "lfsr",
    "randrepeat" : "0",
    "group_reporting" : "1",
    "cpus_allowed" : "2",
    "numa_mem_policy" : "bind:0",
    "lat_percentiles" : "1",
    "slat_percentiles" : "0",
    "clat_percentiles" : "0",
    "filename" : "/dev/vdb",
    "nonvectored" : "1",
    "registerfiles" : "1"
  },
  "jobs" : [
    {
      "jobname" : "job1",
      "groupid" : 0,
      "error" : 0,
      "eta" : 0,
      "elapsed" : 66,
      "job options" : {
        "rw" : "randread"
      },
      "read" : {
        "io_bytes" : 6800419328,
        "io_kbytes" : 6641034,
        "bw_bytes" : 113338433,
        "bw" : 110682,
        "iops" : 221359.877335,
        "runtime" : 60001,
        "total_ios" : 13281814,
        "short_ios" : 0,
        "drop_ios" : 0,
        "slat_ns" : {
          "min" : 1162,
          "max" : 746783,
          "mean" : 1820.938721,
          "stddev" : 5823.086646,
          "N" : 13281814
        },
        "clat_ns" : {
          "min" : 486881,
          "max" : 109387724,
          "mean" : 1154066.259393,
          "stddev" : 1895280.232300,
          "N" : 13282069
        },
        "lat_ns" : {
          "min" : 488741,
          "max" : 109389239,
          "mean" : 1156009.831677,
          "stddev" : 1895259.698643,
          "N" : 13282069,
          "percentile" : {
            "1.000000" : 782336,
            "5.000000" : 880640,
            "10.000000" : 913408,
            "20.000000" : 954368,
            "30.000000" : 978944,
            "40.000000" : 1011712,
            "50.000000" : 1056768,
            "60.000000" : 1105920,
            "70.000000" : 1187840,
            "80.000000" : 1253376,
            "90.000000" : 1302528,
            "95.000000" : 1318912,
            "99.000000" : 1384448,
            "99.500000" : 1433600,
            "99.900000" : 35913728,
            "99.950000" : 53215232,
            "99.990000" : 74973184
          }
        },
        "bw_min" : 110261,
        "bw_max" : 111059,
        "bw_agg" : 100.000000,
        "bw_mean" : 110736.950000,
        "bw_dev" : 154.774917,
        "bw_samples" : 120,
        "iops_min" : 220523,
        "iops_max" : 222118,
        "iops_mean" : 221474.091667,
        "iops_stddev" : 309.607504,
        "iops_samples" : 120
      },
      "write" : {
        "io_bytes" : 0,
        "io_kbytes" : 0,
        "bw_bytes" : 0,
        "bw" : 0,
        "iops" : 0.000000,
        "runtime" : 0,
        "total_ios" : 0,
        "short_ios" : 0,
        "drop_ios" : 0,
        "slat_ns" : {
          "min" : 0,
          "max" : 0,
          "mean" : 0.000000,
          "stddev" : 0.000000,
          "N" : 0
        },
        "clat_ns" : {
          "min" : 0,
          "max" : 0,
          "mean" : 0.000000,
          "stddev" : 0.000000,
          "N" : 0
        },
        "lat_ns" : {
          "min" : 0,
          "max" : 0,
          "mean" : 0.000000,
          "stddev" : 0.000000,
          "N" : 0
        },
        "bw_min" : 0,
        "bw_max" : 0,
        "bw_agg" : 0.000000,
        "bw_mean" : 0.000000,
        "bw_dev" : 0.000000,
        "bw_samples" : 0,
        "iops_min" : 0,
        "iops_max" : 0,
        "iops_mean" : 0.000000,
        "iops_stddev" : 0.000000,
        "iops_samples" : 0
      },
      "trim" : {
        "io_bytes" : 0,
        "io_kbytes" : 0,
        "bw_bytes" : 0,
        "bw" : 0,
        "iops" : 0.000000,
        "runtime" : 0,
        "total_ios" : 0,
        "short_ios" : 0,
        "drop_ios" : 0,
        "slat_ns" : {
          "min" : 0,
          "max" : 0,
          "mean" : 0.000000,
          "stddev" : 0.000000,
          "N" : 0
        },
        "clat_ns" : {
          "min" : 0,
          "max" : 0,
          "mean" : 0.000000,
          "stddev" : 0.000000,
          "N" : 0
        },
        "lat_ns" : {
          "min" : 0,
          "max" : 0,
          "mean" : 0.000000,
          "stddev" : 0.000000,
          "N" : 0
        },
        "bw_min" : 0,
        "bw_max" : 0,
        "bw_agg" : 0.000000,
        "bw_mean" : 0.000000,
        "bw_dev" : 0.000000,
        "bw_samples" : 0,
        "iops_min" : 0,
        "iops_max" : 0,
        "iops_mean" : 0.000000,
        "iops_stddev" : 0.000000,
        "iops_samples" : 0
      },
      "sync" : {
        "total_ios" : 0,
        "lat_ns" : {
          "min" : 0,
          "max" : 0,
          "mean" : 0.000000,
          "stddev" : 0.000000,
          "N" : 0
        }
      },
      "job_runtime" : 60000,
      "usr_cpu" : 14.140000,
      "sys_cpu" : 35.476667,
      "ctx" : 266767,
      "majf" : 0,
      "minf" : 0,
      "iodepth_level" : {
        "1" : 0.000000,
        "2" : 0.000000,
        "4" : 0.000000,
        "8" : 0.000000,
        "16" : 0.000000,
        "32" : 0.000000,
        ">=64" : 100.000000
      },
      "iodepth_submit" : {
        "0" : 0.000000,
        "4" : 100.000000,
        "8" : 0.000000,
        "16" : 0.000000,
        "32" : 0.000000,
        "64" : 0.000000,
        ">=64" : 0.000000
      },
      "iodepth_complete" : {
        "0" : 0.000000,
        "4" : 99.999992,
        "8" : 0.000000,
        "16" : 0.000000,
        "32" : 0.000000,
        "64" : 0.000000,
        ">=64" : 0.100000
      },
      "latency_ns" : {
        "2" : 0.000000,
        "4" : 0.000000,
        "10" : 0.000000,
        "20" : 0.000000,
        "50" : 0.000000,
        "100" : 0.000000,
        "250" : 0.000000,
        "500" : 0.000000,
        "750" : 0.000000,
        "1000" : 0.000000
      },
      "latency_us" : {
        "2" : 0.000000,
        "4" : 0.000000,
        "10" : 0.000000,
        "20" : 0.000000,
        "50" : 0.000000,
        "100" : 0.000000,
        "250" : 0.000000,
        "500" : 0.010000,
        "750" : 0.730171,
        "1000" : 37.130282
      },
      "latency_ms" : {
        "2" : 61.933377,
        "4" : 0.010000,
        "10" : 0.018461,
        "20" : 0.030967,
        "50" : 0.091667,
        "100" : 0.057921,
        "250" : 0.010000,
        "500" : 0.000000,
        "750" : 0.000000,
        "1000" : 0.000000,
        "2000" : 0.000000,
        ">=2000" : 0.000000
      },
      "latency_depth" : 256,
      "latency_target" : 0,
      "latency_percentile" : 100.000000,
      "latency_window" : 0
    }
  ],
  "disk_util" : [
    {
      "name" : "vdb",
      "read_ios" : 14387096,
      "write_ios" : 0,
      "read_merges" : 0,
      "write_merges" : 0,
      "read_ticks" : 14506622,
      "write_ticks" : 0,
      "in_queue" : 14506622,
      "util" : 99.897031
    }
  ]
}
