{
  "fio version" : "fio-3.29",
  "timestamp" : 1662664831,
  "timestamp_ms" : 1662664831273,
  "time" : "Thu Sep  8 15:20:31 2022",
  "global options" : {
    "bs" : "512",
    "iodepth" : "256",
    "ioengine" : "io_uring",
    "direct" : "1",
    "runtime" : "60",
    "ramp_time" : "5",
    "thread" : "1",
    "norandommap" : "1",
    "random_generator" : "lfsr",
    "randrepeat" : "0",
    "group_reporting" : "1",
    "cpus_allowed" : "2",
    "numa_mem_policy" : "bind:0",
    "lat_percentiles" : "1",
    "slat_percentiles" : "0",
    "clat_percentiles" : "0",
    "filename" : "/dev/vdb",
    "nonvectored" : "1",
    "registerfiles" : "1"
  },
  "jobs" : [
    {
      "jobname" : "job1",
      "groupid" : 0,
      "error" : 0,
      "eta" : 0,
      "elapsed" : 66,
      "job options" : {
        "rw" : "randread"
      },
      "read" : {
        "io_bytes" : 6771666432,
        "io_kbytes" : 6612955,
        "bw_bytes" : 112859226,
        "bw" : 110214,
        "iops" : 220423.926268,
        "runtime" : 60001,
        "total_ios" : 13225656,
        "short_ios" : 0,
        "drop_ios" : 0,
        "slat_ns" : {
          "min" : 1100,
          "max" : 890420,
          "mean" : 1749.226486,
          "stddev" : 5743.734244,
          "N" : 13225656
        },
        "clat_ns" : {
          "min" : 459934,
          "max" : 119628826,
          "mean" : 1159023.893629,
          "stddev" : 1962505.187185,
          "N" : 13225911
        },
        "lat_ns" : {
          "min" : 478983,
          "max" : 119630325,
          "mean" : 1160905.002455,
          "stddev" : 1962485.098539,
          "N" : 13225911,
          "percentile" : {
            "1.000000" : 774144,
            "5.000000" : 880640,
            "10.000000" : 913408,
            "20.000000" : 954368,
            "30.000000" : 978944,
            "40.000000" : 1011712,
            "50.000000" : 1056768,
            "60.000000" : 1105920,
            "70.000000" : 1187840,
            "80.000000" : 1253376,
            "90.000000" : 1302528,
            "95.000000" : 1335296,
            "99.000000" : 1384448,
            "99.500000" : 1449984,
            "99.900000" : 38010880,
            "99.950000" : 54788096,
            "99.990000" : 77070336
          }
        },
        "bw_min" : 109864,
        "bw_max" : 110713,
        "bw_agg" : 100.000000,
        "bw_mean" : 110268.166667,
        "bw_dev" : 138.443286,
        "bw_samples" : 120,
        "iops_min" : 219728,
        "iops_max" : 221426,
        "iops_mean" : 220536.475000,
        "iops_stddev" : 276.936693,
        "iops_samples" : 120
      },
      "write" : {
        "io_bytes" : 0,
        "io_kbytes" : 0,
        "bw_bytes" : 0,
        "bw" : 0,
        "iops" : 0.000000,
        "runtime" : 0,
        "total_ios" : 0,
        "short_ios" : 0,
        "drop_ios" : 0,
        "slat_ns" : {
          "min" : 0,
          "max" : 0,
          "mean" : 0.000000,
          "stddev" : 0.000000,
          "N" : 0
        },
        "clat_ns" : {
          "min" : 0,
          "max" : 0,
          "mean" : 0.000000,
          "stddev" : 0.000000,
          "N" : 0
        },
        "lat_ns" : {
          "min" : 0,
          "max" : 0,
          "mean" : 0.000000,
          "stddev" : 0.000000,
          "N" : 0
        },
        "bw_min" : 0,
        "bw_max" : 0,
        "bw_agg" : 0.000000,
        "bw_mean" : 0.000000,
        "bw_dev" : 0.000000,
        "bw_samples" : 0,
        "iops_min" : 0,
        "iops_max" : 0,
        "iops_mean" : 0.000000,
        "iops_stddev" : 0.000000,
        "iops_samples" : 0
      },
      "trim" : {
        "io_bytes" : 0,
        "io_kbytes" : 0,
        "bw_bytes" : 0,
        "bw" : 0,
        "iops" : 0.000000,
        "runtime" : 0,
        "total_ios" : 0,
        "short_ios" : 0,
        "drop_ios" : 0,
        "slat_ns" : {
          "min" : 0,
          "max" : 0,
          "mean" : 0.000000,
          "stddev" : 0.000000,
          "N" : 0
        },
        "clat_ns" : {
          "min" : 0,
          "max" : 0,
          "mean" : 0.000000,
          "stddev" : 0.000000,
          "N" : 0
        },
        "lat_ns" : {
          "min" : 0,
          "max" : 0,
          "mean" : 0.000000,
          "stddev" : 0.000000,
          "N" : 0
        },
        "bw_min" : 0,
        "bw_max" : 0,
        "bw_agg" : 0.000000,
        "bw_mean" : 0.000000,
        "bw_dev" : 0.000000,
        "bw_samples" : 0,
        "iops_min" : 0,
        "iops_max" : 0,
        "iops_mean" : 0.000000,
        "iops_stddev" : 0.000000,
        "iops_samples" : 0
      },
      "sync" : {
        "total_ios" : 0,
        "lat_ns" : {
          "min" : 0,
          "max" : 0,
          "mean" : 0.000000,
          "stddev" : 0.000000,
          "N" : 0
        }
      },
      "job_runtime" : 60000,
      "usr_cpu" : 13.571667,
      "sys_cpu" : 34.978333,
      "ctx" : 266149,
      "majf" : 0,
      "minf" : 0,
      "iodepth_level" : {
        "1" : 0.000000,
        "2" : 0.000000,
        "4" : 0.000000,
        "8" : 0.000000,
        "16" : 0.000000,
        "32" : 0.000000,
        ">=64" : 100.000000
      },
      "iodepth_submit" : {
        "0" : 0.000000,
        "4" : 100.000000,
        "8" : 0.000000,
        "16" : 0.000000,
        "32" : 0.000000,
        "64" : 0.000000,
        ">=64" : 0.000000
      },
      "iodepth_complete" : {
        "0" : 0.000000,
        "4" : 99.999992,
        "8" : 0.000000,
        "16" : 0.000000,
        "32" : 0.000000,
        "64" : 0.000000,
        ">=64" : 0.100000
      },
      "latency_ns" : {
        "2" : 0.000000,
        "4" : 0.000000,
        "10" : 0.000000,
        "20" : 0.000000,
        "50" : 0.000000,
        "100" : 0.000000,
        "250" : 0.000000,
        "500" : 0.000000,
        "750" : 0.000000,
        "1000" : 0.000000
      },
      "latency_us" : {
        "2" : 0.000000,
        "4" : 0.000000,
        "10" : 0.000000,
        "20" : 0.000000,
        "50" : 0.000000,
        "100" : 0.000000,
        "250" : 0.000000,
        "500" : 0.010000,
        "750" : 0.795068,
        "1000" : 36.938863
      },
      "latency_ms" : {
        "2" : 62.057965,
        "4" : 0.010000,
        "10" : 0.017882,
        "20" : 0.029874,
        "50" : 0.089742,
        "100" : 0.062689,
        "250" : 0.010000,
        "500" : 0.000000,
        "750" : 0.000000,
        "1000" : 0.000000,
        "2000" : 0.000000,
        ">=2000" : 0.000000
      },
      "latency_depth" : 256,
      "latency_target" : 0,
      "latency_percentile" : 100.000000,
      "latency_window" : 0
    }
  ],
  "disk_util" : [
    {
      "name" : "vdb",
      "read_ios" : 14327178,
      "write_ios" : 0,
      "read_merges" : 0,
      "write_merges" : 0,
      "read_ticks" : 14544577,
      "write_ticks" : 0,
      "in_queue" : 14544577,
      "util" : 99.897031
    }
  ]
}
