{
  "fio version" : "fio-3.29",
  "timestamp" : 1662663788,
  "timestamp_ms" : 1662663788182,
  "time" : "Thu Sep  8 15:03:08 2022",
  "global options" : {
    "bs" : "512",
    "iodepth" : "4",
    "ioengine" : "io_uring",
    "direct" : "1",
    "runtime" : "60",
    "ramp_time" : "5",
    "thread" : "1",
    "norandommap" : "1",
    "random_generator" : "lfsr",
    "randrepeat" : "0",
    "group_reporting" : "1",
    "cpus_allowed" : "2",
    "numa_mem_policy" : "bind:0",
    "lat_percentiles" : "1",
    "slat_percentiles" : "0",
    "clat_percentiles" : "0",
    "filename" : "/dev/vdb",
    "nonvectored" : "1",
    "registerfiles" : "1"
  },
  "jobs" : [
    {
      "jobname" : "job1",
      "groupid" : 0,
      "error" : 0,
      "eta" : 0,
      "elapsed" : 66,
      "job options" : {
        "rw" : "randread"
      },
      "read" : {
        "io_bytes" : 3704152576,
        "io_kbytes" : 3617336,
        "bw_bytes" : 61734847,
        "bw" : 60287,
        "iops" : 120575.807070,
        "runtime" : 60001,
        "total_ios" : 7234669,
        "short_ios" : 0,
        "drop_ios" : 0,
        "slat_ns" : {
          "min" : 1116,
          "max" : 758325,
          "mean" : 2671.348314,
          "stddev" : 1618.937928,
          "N" : 7234670
        },
        "clat_ns" : {
          "min" : 6606,
          "max" : 780682,
          "mean" : 29885.458084,
          "stddev" : 9507.210419,
          "N" : 7234672
        },
        "lat_ns" : {
          "min" : 18878,
          "max" : 886645,
          "mean" : 32681.765466,
          "stddev" : 9294.935241,
          "N" : 7234672,
          "percentile" : {
            "1.000000" : 21376,
            "5.000000" : 23424,
            "10.000000" : 24704,
            "20.000000" : 26752,
            "30.000000" : 28032,
            "40.000000" : 29056,
            "50.000000" : 29824,
            "60.000000" : 30848,
            "70.000000" : 32384,
            "80.000000" : 35584,
            "90.000000" : 48384,
            "95.000000" : 55552,
            "99.000000" : 61696,
            "99.500000" : 63744,
            "99.900000" : 68096,
            "99.950000" : 71168,
            "99.990000" : 103936
          }
        },
        "bw_min" : 60070,
        "bw_max" : 60535,
        "bw_agg" : 100.000000,
        "bw_mean" : 60311.491667,
        "bw_dev" : 93.711160,
        "bw_samples" : 120,
        "iops_min" : 120140,
        "iops_max" : 121070,
        "iops_mean" : 120623.175000,
        "iops_stddev" : 187.480763,
        "iops_samples" : 120
      },
      "write" : {
        "io_bytes" : 0,
        "io_kbytes" : 0,
        "bw_bytes" : 0,
        "bw" : 0,
        "iops" : 0.000000,
        "runtime" : 0,
        "total_ios" : 0,
        "short_ios" : 0,
        "drop_ios" : 0,
        "slat_ns" : {
          "min" : 0,
          "max" : 0,
          "mean" : 0.000000,
          "stddev" : 0.000000,
          "N" : 0
        },
        "clat_ns" : {
          "min" : 0,
          "max" : 0,
          "mean" : 0.000000,
          "stddev" : 0.000000,
          "N" : 0
        },
        "lat_ns" : {
          "min" : 0,
          "max" : 0,
          "mean" : 0.000000,
          "stddev" : 0.000000,
          "N" : 0
        },
        "bw_min" : 0,
        "bw_max" : 0,
        "bw_agg" : 0.000000,
        "bw_mean" : 0.000000,
        "bw_dev" : 0.000000,
        "bw_samples" : 0,
        "iops_min" : 0,
        "iops_max" : 0,
        "iops_mean" : 0.000000,
        "iops_stddev" : 0.000000,
        "iops_samples" : 0
      },
      "trim" : {
        "io_bytes" : 0,
        "io_kbytes" : 0,
        "bw_bytes" : 0,
        "bw" : 0,
        "iops" : 0.000000,
        "runtime" : 0,
        "total_ios" : 0,
        "short_ios" : 0,
        "drop_ios" : 0,
        "slat_ns" : {
          "min" : 0,
          "max" : 0,
          "mean" : 0.000000,
          "stddev" : 0.000000,
          "N" : 0
        },
        "clat_ns" : {
          "min" : 0,
          "max" : 0,
          "mean" : 0.000000,
          "stddev" : 0.000000,
          "N" : 0
        },
        "lat_ns" : {
          "min" : 0,
          "max" : 0,
          "mean" : 0.000000,
          "stddev" : 0.000000,
          "N" : 0
        },
        "bw_min" : 0,
        "bw_max" : 0,
        "bw_agg" : 0.000000,
        "bw_mean" : 0.000000,
        "bw_dev" : 0.000000,
        "bw_samples" : 0,
        "iops_min" : 0,
        "iops_max" : 0,
        "iops_mean" : 0.000000,
        "iops_stddev" : 0.000000,
        "iops_samples" : 0
      },
      "sync" : {
        "total_ios" : 0,
        "lat_ns" : {
          "min" : 0,
          "max" : 0,
          "mean" : 0.000000,
          "stddev" : 0.000000,
          "N" : 0
        }
      },
      "job_runtime" : 60000,
      "usr_cpu" : 10.301667,
      "sys_cpu" : 35.263333,
      "ctx" : 2407271,
      "majf" : 0,
      "minf" : 0,
      "iodepth_level" : {
        "1" : 0.000000,
        "2" : 0.000000,
        "4" : 100.000000,
        "8" : 0.000000,
        "16" : 0.000000,
        "32" : 0.000000,
        ">=64" : 0.000000
      },
      "iodepth_submit" : {
        "0" : 0.000000,
        "4" : 100.000000,
        "8" : 0.000000,
        "16" : 0.000000,
        "32" : 0.000000,
        "64" : 0.000000,
        ">=64" : 0.000000
      },
      "iodepth_complete" : {
        "0" : 0.000000,
        "4" : 100.000000,
        "8" : 0.000000,
        "16" : 0.000000,
        "32" : 0.000000,
        "64" : 0.000000,
        ">=64" : 0.000000
      },
      "latency_ns" : {
        "2" : 0.000000,
        "4" : 0.000000,
        "10" : 0.000000,
        "20" : 0.000000,
        "50" : 0.000000,
        "100" : 0.000000,
        "250" : 0.000000,
        "500" : 0.000000,
        "750" : 0.000000,
        "1000" : 0.000000
      },
      "latency_us" : {
        "2" : 0.000000,
        "4" : 0.000000,
        "10" : 0.010000,
        "20" : 6.546188,
        "50" : 86.543393,
        "100" : 6.899431,
        "250" : 0.010000,
        "500" : 0.010000,
        "750" : 0.010000,
        "1000" : 0.010000
      },
      "latency_ms" : {
        "2" : 0.000000,
        "4" : 0.000000,
        "10" : 0.000000,
        "20" : 0.000000,
        "50" : 0.000000,
        "100" : 0.000000,
        "250" : 0.000000,
        "500" : 0.000000,
        "750" : 0.000000,
        "1000" : 0.000000,
        "2000" : 0.000000,
        ">=2000" : 0.000000
      },
      "latency_depth" : 4,
      "latency_target" : 0,
      "latency_percentile" : 100.000000,
      "latency_window" : 0
    }
  ],
  "disk_util" : [
    {
      "name" : "vdb",
      "read_ios" : 7837290,
      "write_ios" : 0,
      "read_merges" : 0,
      "write_merges" : 0,
      "read_ticks" : 200799,
      "write_ticks" : 0,
      "in_queue" : 200799,
      "util" : 99.887820
    }
  ]
}
