{
  "fio version" : "fio-3.29",
  "timestamp" : 1662730491,
  "timestamp_ms" : 1662730491340,
  "time" : "Fri Sep  9 09:34:51 2022",
  "global options" : {
    "bs" : "512",
    "iodepth" : "1",
    "ioengine" : "io_uring",
    "direct" : "1",
    "runtime" : "60",
    "ramp_time" : "5",
    "thread" : "1",
    "norandommap" : "1",
    "random_generator" : "lfsr",
    "randrepeat" : "0",
    "group_reporting" : "1",
    "cpus_allowed" : "2",
    "numa_mem_policy" : "bind:0",
    "lat_percentiles" : "1",
    "slat_percentiles" : "0",
    "clat_percentiles" : "0",
    "filename" : "/dev/vdb",
    "nonvectored" : "1",
    "registerfiles" : "1"
  },
  "jobs" : [
    {
      "jobname" : "job1",
      "groupid" : 0,
      "error" : 0,
      "eta" : 0,
      "elapsed" : 66,
      "job options" : {
        "rw" : "randread"
      },
      "read" : {
        "io_bytes" : 396462080,
        "io_kbytes" : 387170,
        "bw_bytes" : 6607591,
        "bw" : 6452,
        "iops" : 12905.451576,
        "runtime" : 60001,
        "total_ios" : 774340,
        "short_ios" : 0,
        "drop_ios" : 0,
        "slat_ns" : {
          "min" : 3797,
          "max" : 221517,
          "mean" : 7095.410537,
          "stddev" : 998.422918,
          "N" : 774340
        },
        "clat_ns" : {
          "min" : 221,
          "max" : 589218,
          "mean" : 69649.391475,
          "stddev" : 4858.600097,
          "N" : 774340
        },
        "lat_ns" : {
          "min" : 53728,
          "max" : 596498,
          "mean" : 76857.081442,
          "stddev" : 4925.439208,
          "N" : 774340,
          "percentile" : {
            "1.000000" : 74240,
            "5.000000" : 74240,
            "10.000000" : 74240,
            "20.000000" : 75264,
            "30.000000" : 75264,
            "40.000000" : 75264,
            "50.000000" : 75264,
            "60.000000" : 76288,
            "70.000000" : 76288,
            "80.000000" : 77312,
            "90.000000" : 79360,
            "95.000000" : 83456,
            "99.000000" : 104960,
            "99.500000" : 107008,
            "99.900000" : 114176,
            "99.950000" : 117248,
            "99.990000" : 152576
          }
        },
        "bw_min" : 6390,
        "bw_max" : 6501,
        "bw_agg" : 100.000000,
        "bw_mean" : 6454.808333,
        "bw_dev" : 18.307043,
        "bw_samples" : 120,
        "iops_min" : 12780,
        "iops_max" : 13002,
        "iops_mean" : 12909.800000,
        "iops_stddev" : 36.607296,
        "iops_samples" : 120
      },
      "write" : {
        "io_bytes" : 0,
        "io_kbytes" : 0,
        "bw_bytes" : 0,
        "bw" : 0,
        "iops" : 0.000000,
        "runtime" : 0,
        "total_ios" : 0,
        "short_ios" : 0,
        "drop_ios" : 0,
        "slat_ns" : {
          "min" : 0,
          "max" : 0,
          "mean" : 0.000000,
          "stddev" : 0.000000,
          "N" : 0
        },
        "clat_ns" : {
          "min" : 0,
          "max" : 0,
          "mean" : 0.000000,
          "stddev" : 0.000000,
          "N" : 0
        },
        "lat_ns" : {
          "min" : 0,
          "max" : 0,
          "mean" : 0.000000,
          "stddev" : 0.000000,
          "N" : 0
        },
        "bw_min" : 0,
        "bw_max" : 0,
        "bw_agg" : 0.000000,
        "bw_mean" : 0.000000,
        "bw_dev" : 0.000000,
        "bw_samples" : 0,
        "iops_min" : 0,
        "iops_max" : 0,
        "iops_mean" : 0.000000,
        "iops_stddev" : 0.000000,
        "iops_samples" : 0
      },
      "trim" : {
        "io_bytes" : 0,
        "io_kbytes" : 0,
        "bw_bytes" : 0,
        "bw" : 0,
        "iops" : 0.000000,
        "runtime" : 0,
        "total_ios" : 0,
        "short_ios" : 0,
        "drop_ios" : 0,
        "slat_ns" : {
          "min" : 0,
          "max" : 0,
          "mean" : 0.000000,
          "stddev" : 0.000000,
          "N" : 0
        },
        "clat_ns" : {
          "min" : 0,
          "max" : 0,
          "mean" : 0.000000,
          "stddev" : 0.000000,
          "N" : 0
        },
        "lat_ns" : {
          "min" : 0,
          "max" : 0,
          "mean" : 0.000000,
          "stddev" : 0.000000,
          "N" : 0
        },
        "bw_min" : 0,
        "bw_max" : 0,
        "bw_agg" : 0.000000,
        "bw_mean" : 0.000000,
        "bw_dev" : 0.000000,
        "bw_samples" : 0,
        "iops_min" : 0,
        "iops_max" : 0,
        "iops_mean" : 0.000000,
        "iops_stddev" : 0.000000,
        "iops_samples" : 0
      },
      "sync" : {
        "total_ios" : 0,
        "lat_ns" : {
          "min" : 0,
          "max" : 0,
          "mean" : 0.000000,
          "stddev" : 0.000000,
          "N" : 0
        }
      },
      "job_runtime" : 60000,
      "usr_cpu" : 1.775000,
      "sys_cpu" : 10.385000,
      "ctx" : 776191,
      "majf" : 0,
      "minf" : 0,
      "iodepth_level" : {
        "1" : 100.000000,
        "2" : 0.000000,
        "4" : 0.000000,
        "8" : 0.000000,
        "16" : 0.000000,
        "32" : 0.000000,
        ">=64" : 0.000000
      },
      "iodepth_submit" : {
        "0" : 0.000000,
        "4" : 100.000000,
        "8" : 0.000000,
        "16" : 0.000000,
        "32" : 0.000000,
        "64" : 0.000000,
        ">=64" : 0.000000
      },
      "iodepth_complete" : {
        "0" : 0.000000,
        "4" : 100.000000,
        "8" : 0.000000,
        "16" : 0.000000,
        "32" : 0.000000,
        "64" : 0.000000,
        ">=64" : 0.000000
      },
      "latency_ns" : {
        "2" : 0.000000,
        "4" : 0.000000,
        "10" : 0.000000,
        "20" : 0.000000,
        "50" : 0.000000,
        "100" : 0.000000,
        "250" : 0.010000,
        "500" : 0.010000,
        "750" : 0.000000,
        "1000" : 0.000000
      },
      "latency_us" : {
        "2" : 0.000000,
        "4" : 0.000000,
        "10" : 0.010000,
        "20" : 0.000000,
        "50" : 0.010000,
        "100" : 99.498282,
        "250" : 0.495131,
        "500" : 0.010000,
        "750" : 0.010000,
        "1000" : 0.000000
      },
      "latency_ms" : {
        "2" : 0.000000,
        "4" : 0.000000,
        "10" : 0.000000,
        "20" : 0.000000,
        "50" : 0.000000,
        "100" : 0.000000,
        "250" : 0.000000,
        "500" : 0.000000,
        "750" : 0.000000,
        "1000" : 0.000000,
        "2000" : 0.000000,
        ">=2000" : 0.000000
      },
      "latency_depth" : 1,
      "latency_target" : 0,
      "latency_percentile" : 100.000000,
      "latency_window" : 0
    }
  ],
  "disk_util" : [
    {
      "name" : "vdb",
      "read_ios" : 838871,
      "write_ios" : 0,
      "read_merges" : 0,
      "write_merges" : 0,
      "read_ticks" : 61148,
      "write_ticks" : 0,
      "in_queue" : 61148,
      "util" : 99.881680
    }
  ]
}
