{
  "fio version" : "fio-3.29",
  "timestamp" : 1661877202,
  "timestamp_ms" : 1661877202384,
  "time" : "Tue Aug 30 12:33:22 2022",
  "global options" : {
    "bs" : "512",
    "iodepth" : "16",
    "ioengine" : "io_uring",
    "direct" : "1",
    "runtime" : "60",
    "ramp_time" : "5",
    "thread" : "1",
    "norandommap" : "1",
    "random_generator" : "lfsr",
    "randrepeat" : "0",
    "group_reporting" : "1",
    "cpus_allowed" : "2",
    "numa_mem_policy" : "bind:0",
    "lat_percentiles" : "1",
    "slat_percentiles" : "0",
    "clat_percentiles" : "0",
    "filename" : "/dev/vdb",
    "nonvectored" : "1",
    "registerfiles" : "1"
  },
  "jobs" : [
    {
      "jobname" : "job1",
      "groupid" : 0,
      "error" : 0,
      "eta" : 0,
      "elapsed" : 66,
      "job options" : {
        "rw" : "randread"
      },
      "read" : {
        "io_bytes" : 6014798336,
        "io_kbytes" : 5873826,
        "bw_bytes" : 100244968,
        "bw" : 97895,
        "iops" : 195790.686822,
        "runtime" : 60001,
        "total_ios" : 11747637,
        "short_ios" : 0,
        "drop_ios" : 0,
        "slat_ns" : {
          "min" : 1135,
          "max" : 466218,
          "mean" : 2285.366530,
          "stddev" : 1629.042820,
          "N" : 11747638
        },
        "clat_ns" : {
          "min" : 27302,
          "max" : 601288,
          "mean" : 78669.462519,
          "stddev" : 12549.435080,
          "N" : 11747652
        },
        "lat_ns" : {
          "min" : 29448,
          "max" : 604633,
          "mean" : 81103.752079,
          "stddev" : 12429.535364,
          "N" : 11747652,
          "percentile" : {
            "1.000000" : 53504,
            "5.000000" : 65280,
            "10.000000" : 69120,
            "20.000000" : 73216,
            "30.000000" : 76288,
            "40.000000" : 78336,
            "50.000000" : 80384,
            "60.000000" : 82432,
            "70.000000" : 84480,
            "80.000000" : 87552,
            "90.000000" : 91648,
            "95.000000" : 95744,
            "99.000000" : 124416,
            "99.500000" : 146432,
            "99.900000" : 193536,
            "99.950000" : 197632,
            "99.990000" : 209920
          }
        },
        "bw_min" : 89839,
        "bw_max" : 102146,
        "bw_agg" : 100.000000,
        "bw_mean" : 97925.705882,
        "bw_dev" : 1317.437255,
        "bw_samples" : 119,
        "iops_min" : 179678,
        "iops_max" : 204290,
        "iops_mean" : 195851.453782,
        "iops_stddev" : 2634.874077,
        "iops_samples" : 119
      },
      "write" : {
        "io_bytes" : 0,
        "io_kbytes" : 0,
        "bw_bytes" : 0,
        "bw" : 0,
        "iops" : 0.000000,
        "runtime" : 0,
        "total_ios" : 0,
        "short_ios" : 0,
        "drop_ios" : 0,
        "slat_ns" : {
          "min" : 0,
          "max" : 0,
          "mean" : 0.000000,
          "stddev" : 0.000000,
          "N" : 0
        },
        "clat_ns" : {
          "min" : 0,
          "max" : 0,
          "mean" : 0.000000,
          "stddev" : 0.000000,
          "N" : 0
        },
        "lat_ns" : {
          "min" : 0,
          "max" : 0,
          "mean" : 0.000000,
          "stddev" : 0.000000,
          "N" : 0
        },
        "bw_min" : 0,
        "bw_max" : 0,
        "bw_agg" : 0.000000,
        "bw_mean" : 0.000000,
        "bw_dev" : 0.000000,
        "bw_samples" : 0,
        "iops_min" : 0,
        "iops_max" : 0,
        "iops_mean" : 0.000000,
        "iops_stddev" : 0.000000,
        "iops_samples" : 0
      },
      "trim" : {
        "io_bytes" : 0,
        "io_kbytes" : 0,
        "bw_bytes" : 0,
        "bw" : 0,
        "iops" : 0.000000,
        "runtime" : 0,
        "total_ios" : 0,
        "short_ios" : 0,
        "drop_ios" : 0,
        "slat_ns" : {
          "min" : 0,
          "max" : 0,
          "mean" : 0.000000,
          "stddev" : 0.000000,
          "N" : 0
        },
        "clat_ns" : {
          "min" : 0,
          "max" : 0,
          "mean" : 0.000000,
          "stddev" : 0.000000,
          "N" : 0
        },
        "lat_ns" : {
          "min" : 0,
          "max" : 0,
          "mean" : 0.000000,
          "stddev" : 0.000000,
          "N" : 0
        },
        "bw_min" : 0,
        "bw_max" : 0,
        "bw_agg" : 0.000000,
        "bw_mean" : 0.000000,
        "bw_dev" : 0.000000,
        "bw_samples" : 0,
        "iops_min" : 0,
        "iops_max" : 0,
        "iops_mean" : 0.000000,
        "iops_stddev" : 0.000000,
        "iops_samples" : 0
      },
      "sync" : {
        "total_ios" : 0,
        "lat_ns" : {
          "min" : 0,
          "max" : 0,
          "mean" : 0.000000,
          "stddev" : 0.000000,
          "N" : 0
        }
      },
      "job_runtime" : 60000,
      "usr_cpu" : 15.695000,
      "sys_cpu" : 46.361667,
      "ctx" : 1998635,
      "majf" : 0,
      "minf" : 0,
      "iodepth_level" : {
        "1" : 0.000000,
        "2" : 0.000000,
        "4" : 0.000000,
        "8" : 0.000000,
        "16" : 100.000000,
        "32" : 0.000000,
        ">=64" : 0.000000
      },
      "iodepth_submit" : {
        "0" : 0.000000,
        "4" : 100.000000,
        "8" : 0.000000,
        "16" : 0.000000,
        "32" : 0.000000,
        "64" : 0.000000,
        ">=64" : 0.000000
      },
      "iodepth_complete" : {
        "0" : 0.000000,
        "4" : 99.999991,
        "8" : 0.000000,
        "16" : 0.100000,
        "32" : 0.000000,
        "64" : 0.000000,
        ">=64" : 0.000000
      },
      "latency_ns" : {
        "2" : 0.000000,
        "4" : 0.000000,
        "10" : 0.000000,
        "20" : 0.000000,
        "50" : 0.000000,
        "100" : 0.000000,
        "250" : 0.000000,
        "500" : 0.000000,
        "750" : 0.000000,
        "1000" : 0.000000
      },
      "latency_us" : {
        "2" : 0.000000,
        "4" : 0.000000,
        "10" : 0.000000,
        "20" : 0.000000,
        "50" : 0.808809,
        "100" : 96.702520,
        "250" : 2.486534,
        "500" : 0.010000,
        "750" : 0.010000,
        "1000" : 0.000000
      },
      "latency_ms" : {
        "2" : 0.000000,
        "4" : 0.000000,
        "10" : 0.000000,
        "20" : 0.000000,
        "50" : 0.000000,
        "100" : 0.000000,
        "250" : 0.000000,
        "500" : 0.000000,
        "750" : 0.000000,
        "1000" : 0.000000,
        "2000" : 0.000000,
        ">=2000" : 0.000000
      },
      "latency_depth" : 16,
      "latency_target" : 0,
      "latency_percentile" : 100.000000,
      "latency_window" : 0
    }
  ],
  "disk_util" : [
    {
      "name" : "vdb",
      "read_ios" : 12644147,
      "write_ios" : 0,
      "read_merges" : 0,
      "write_merges" : 0,
      "read_ticks" : 900856,
      "write_ticks" : 0,
      "in_queue" : 900856,
      "util" : 99.885855
    }
  ]
}
