{
  "fio version" : "fio-3.29",
  "timestamp" : 1661878115,
  "timestamp_ms" : 1661878115072,
  "time" : "Tue Aug 30 12:48:35 2022",
  "global options" : {
    "bs" : "512",
    "iodepth" : "256",
    "ioengine" : "io_uring",
    "direct" : "1",
    "runtime" : "60",
    "ramp_time" : "5",
    "thread" : "1",
    "norandommap" : "1",
    "random_generator" : "lfsr",
    "randrepeat" : "0",
    "group_reporting" : "1",
    "cpus_allowed" : "2",
    "numa_mem_policy" : "bind:0",
    "lat_percentiles" : "1",
    "slat_percentiles" : "0",
    "clat_percentiles" : "0",
    "filename" : "/dev/vdb",
    "nonvectored" : "1",
    "registerfiles" : "1"
  },
  "jobs" : [
    {
      "jobname" : "job1",
      "groupid" : 0,
      "error" : 0,
      "eta" : 0,
      "elapsed" : 66,
      "job options" : {
        "rw" : "randread"
      },
      "read" : {
        "io_bytes" : 6347710976,
        "io_kbytes" : 6198936,
        "bw_bytes" : 105791656,
        "bw" : 103312,
        "iops" : 206620.079331,
        "runtime" : 60002,
        "total_ios" : 12397618,
        "short_ios" : 0,
        "drop_ios" : 0,
        "slat_ns" : {
          "min" : 1112,
          "max" : 118785,
          "mean" : 2563.735571,
          "stddev" : 2252.107418,
          "N" : 12397618
        },
        "clat_ns" : {
          "min" : 785079,
          "max" : 2717756,
          "mean" : 1235495.497098,
          "stddev" : 50785.268955,
          "N" : 12397873
        },
        "lat_ns" : {
          "min" : 786477,
          "max" : 2719420,
          "mean" : 1238247.236938,
          "stddev" : 50608.516682,
          "N" : 12397873,
          "percentile" : {
            "1.000000" : 1122304,
            "5.000000" : 1138688,
            "10.000000" : 1155072,
            "20.000000" : 1187840,
            "30.000000" : 1236992,
            "40.000000" : 1236992,
            "50.000000" : 1253376,
            "60.000000" : 1253376,
            "70.000000" : 1269760,
            "80.000000" : 1269760,
            "90.000000" : 1286144,
            "95.000000" : 1302528,
            "99.000000" : 1335296,
            "99.500000" : 1335296,
            "99.900000" : 1368064,
            "99.950000" : 1384448,
            "99.990000" : 1990656
          }
        },
        "bw_min" : 98452,
        "bw_max" : 110532,
        "bw_agg" : 100.000000,
        "bw_mean" : 103347.625000,
        "bw_dev" : 3571.388956,
        "bw_samples" : 120,
        "iops_min" : 196904,
        "iops_max" : 221064,
        "iops_mean" : 206695.358333,
        "iops_stddev" : 7142.783025,
        "iops_samples" : 120
      },
      "write" : {
        "io_bytes" : 0,
        "io_kbytes" : 0,
        "bw_bytes" : 0,
        "bw" : 0,
        "iops" : 0.000000,
        "runtime" : 0,
        "total_ios" : 0,
        "short_ios" : 0,
        "drop_ios" : 0,
        "slat_ns" : {
          "min" : 0,
          "max" : 0,
          "mean" : 0.000000,
          "stddev" : 0.000000,
          "N" : 0
        },
        "clat_ns" : {
          "min" : 0,
          "max" : 0,
          "mean" : 0.000000,
          "stddev" : 0.000000,
          "N" : 0
        },
        "lat_ns" : {
          "min" : 0,
          "max" : 0,
          "mean" : 0.000000,
          "stddev" : 0.000000,
          "N" : 0
        },
        "bw_min" : 0,
        "bw_max" : 0,
        "bw_agg" : 0.000000,
        "bw_mean" : 0.000000,
        "bw_dev" : 0.000000,
        "bw_samples" : 0,
        "iops_min" : 0,
        "iops_max" : 0,
        "iops_mean" : 0.000000,
        "iops_stddev" : 0.000000,
        "iops_samples" : 0
      },
      "trim" : {
        "io_bytes" : 0,
        "io_kbytes" : 0,
        "bw_bytes" : 0,
        "bw" : 0,
        "iops" : 0.000000,
        "runtime" : 0,
        "total_ios" : 0,
        "short_ios" : 0,
        "drop_ios" : 0,
        "slat_ns" : {
          "min" : 0,
          "max" : 0,
          "mean" : 0.000000,
          "stddev" : 0.000000,
          "N" : 0
        },
        "clat_ns" : {
          "min" : 0,
          "max" : 0,
          "mean" : 0.000000,
          "stddev" : 0.000000,
          "N" : 0
        },
        "lat_ns" : {
          "min" : 0,
          "max" : 0,
          "mean" : 0.000000,
          "stddev" : 0.000000,
          "N" : 0
        },
        "bw_min" : 0,
        "bw_max" : 0,
        "bw_agg" : 0.000000,
        "bw_mean" : 0.000000,
        "bw_dev" : 0.000000,
        "bw_samples" : 0,
        "iops_min" : 0,
        "iops_max" : 0,
        "iops_mean" : 0.000000,
        "iops_stddev" : 0.000000,
        "iops_samples" : 0
      },
      "sync" : {
        "total_ios" : 0,
        "lat_ns" : {
          "min" : 0,
          "max" : 0,
          "mean" : 0.000000,
          "stddev" : 0.000000,
          "N" : 0
        }
      },
      "job_runtime" : 60001,
      "usr_cpu" : 15.694738,
      "sys_cpu" : 50.570824,
      "ctx" : 1047581,
      "majf" : 0,
      "minf" : 0,
      "iodepth_level" : {
        "1" : 0.000000,
        "2" : 0.000000,
        "4" : 0.000000,
        "8" : 0.000000,
        "16" : 0.000000,
        "32" : 0.000000,
        ">=64" : 100.000000
      },
      "iodepth_submit" : {
        "0" : 0.000000,
        "4" : 100.000000,
        "8" : 0.000000,
        "16" : 0.000000,
        "32" : 0.000000,
        "64" : 0.000000,
        ">=64" : 0.000000
      },
      "iodepth_complete" : {
        "0" : 0.000000,
        "4" : 99.999992,
        "8" : 0.000000,
        "16" : 0.000000,
        "32" : 0.000000,
        "64" : 0.000000,
        ">=64" : 0.100000
      },
      "latency_ns" : {
        "2" : 0.000000,
        "4" : 0.000000,
        "10" : 0.000000,
        "20" : 0.000000,
        "50" : 0.000000,
        "100" : 0.000000,
        "250" : 0.000000,
        "500" : 0.000000,
        "750" : 0.000000,
        "1000" : 0.000000
      },
      "latency_us" : {
        "2" : 0.000000,
        "4" : 0.000000,
        "10" : 0.000000,
        "20" : 0.000000,
        "50" : 0.000000,
        "100" : 0.000000,
        "250" : 0.000000,
        "500" : 0.000000,
        "750" : 0.000000,
        "1000" : 0.017649
      },
      "latency_ms" : {
        "2" : 99.975173,
        "4" : 0.010000,
        "10" : 0.000000,
        "20" : 0.000000,
        "50" : 0.000000,
        "100" : 0.000000,
        "250" : 0.000000,
        "500" : 0.000000,
        "750" : 0.000000,
        "1000" : 0.000000,
        "2000" : 0.000000,
        ">=2000" : 0.000000
      },
      "latency_depth" : 256,
      "latency_target" : 0,
      "latency_percentile" : 100.000000,
      "latency_window" : 0
    }
  ],
  "disk_util" : [
    {
      "name" : "vdb",
      "read_ios" : 13380839,
      "write_ios" : 0,
      "read_merges" : 0,
      "write_merges" : 0,
      "read_ticks" : 16300045,
      "write_ticks" : 0,
      "in_queue" : 16300045,
      "util" : 99.881680
    }
  ]
}
